{"frames": {

"general/bonuscoin":
{
	"frame": {"x":882,"y":192,"w":200,"h":208},
	"rotated": false,
	"trimmed": true,
	"spriteSourceSize": {"x":0,"y":2,"w":200,"h":208},
	"sourceSize": {"w":200,"h":210}
},
"general/btn_down":
{
	"frame": {"x":1692,"y":920,"w":92,"h":36},
	"rotated": false,
	"trimmed": true,
	"spriteSourceSize": {"x":0,"y":0,"w":92,"h":36},
	"sourceSize": {"w":91,"h":35}
},
"general/btn_up":
{
	"frame": {"x":1692,"y":962,"w":92,"h":36},
	"rotated": false,
	"trimmed": true,
	"spriteSourceSize": {"x":0,"y":0,"w":92,"h":36},
	"sourceSize": {"w":91,"h":35}
},
"general/cartoonsmoke":
{
	"frame": {"x":1164,"y":778,"w":100,"h":98},
	"rotated": false,
	"trimmed": true,
	"spriteSourceSize": {"x":0,"y":0,"w":100,"h":98},
	"sourceSize": {"w":100,"h":100}
},
"general/cateminer-space_idle":
{
	"frame": {"x":1156,"y":882,"w":100,"h":88},
	"rotated": false,
	"trimmed": true,
	"spriteSourceSize": {"x":20,"y":0,"w":100,"h":88},
	"sourceSize": {"w":120,"h":93}
},
"general/cateminer-space_mine":
{
	"frame": {"x":1048,"y":778,"w":110,"h":90},
	"rotated": false,
	"trimmed": true,
	"spriteSourceSize": {"x":2,"y":0,"w":110,"h":90},
	"sourceSize": {"w":120,"h":93}
},
"general/cateminer_idle":
{
	"frame": {"x":1724,"y":372,"w":96,"h":84},
	"rotated": false,
	"trimmed": true,
	"spriteSourceSize": {"x":24,"y":0,"w":96,"h":84},
	"sourceSize": {"w":120,"h":93}
},
"general/cateminer_mine":
{
	"frame": {"x":1366,"y":698,"w":98,"h":86},
	"rotated": false,
	"trimmed": true,
	"spriteSourceSize": {"x":0,"y":8,"w":98,"h":86},
	"sourceSize": {"w":120,"h":93}
},
"general/character/closed_eyes":
{
	"frame": {"x":1570,"y":372,"w":148,"h":150},
	"rotated": false,
	"trimmed": true,
	"spriteSourceSize": {"x":0,"y":0,"w":148,"h":150},
	"sourceSize": {"w":150,"h":150}
},
"general/character/closed_space":
{
	"frame": {"x":468,"y":912,"w":170,"h":156},
	"rotated": false,
	"trimmed": true,
	"spriteSourceSize": {"x":0,"y":0,"w":170,"h":156},
	"sourceSize": {"w":169,"h":156}
},
"general/character/happy_party":
{
	"frame": {"x":468,"y":568,"w":168,"h":166},
	"rotated": false,
	"trimmed": true,
	"spriteSourceSize": {"x":0,"y":2,"w":168,"h":166},
	"sourceSize": {"w":167,"h":170}
},
"general/character/happy_space":
{
	"frame": {"x":1552,"y":210,"w":170,"h":156},
	"rotated": false,
	"trimmed": true,
	"spriteSourceSize": {"x":0,"y":0,"w":170,"h":156},
	"sourceSize": {"w":169,"h":156}
},
"general/character/happydoge":
{
	"frame": {"x":236,"y":1414,"w":148,"h":150},
	"rotated": false,
	"trimmed": true,
	"spriteSourceSize": {"x":0,"y":0,"w":148,"h":150},
	"sourceSize": {"w":150,"h":150}
},
"general/character/nothappydoge":
{
	"frame": {"x":236,"y":1570,"w":148,"h":150},
	"rotated": false,
	"trimmed": true,
	"spriteSourceSize": {"x":0,"y":0,"w":148,"h":150},
	"sourceSize": {"w":150,"h":150}
},
"general/character/party":
{
	"frame": {"x":468,"y":740,"w":168,"h":166},
	"rotated": false,
	"trimmed": true,
	"spriteSourceSize": {"x":0,"y":2,"w":168,"h":166},
	"sourceSize": {"w":167,"h":170}
},
"general/character/spacehelmet":
{
	"frame": {"x":468,"y":1074,"w":170,"h":156},
	"rotated": false,
	"trimmed": true,
	"spriteSourceSize": {"x":0,"y":0,"w":170,"h":156},
	"sourceSize": {"w":169,"h":156}
},
"general/character/standard":
{
	"frame": {"x":390,"y":1468,"w":148,"h":150},
	"rotated": false,
	"trimmed": true,
	"spriteSourceSize": {"x":0,"y":0,"w":148,"h":150},
	"sourceSize": {"w":150,"h":150}
},
"general/diabadge":
{
	"frame": {"x":666,"y":192,"w":210,"h":210},
	"rotated": false,
	"trimmed": false,
	"spriteSourceSize": {"x":0,"y":0,"w":210,"h":210},
	"sourceSize": {"w":210,"h":210}
},
"general/diamond":
{
	"frame": {"x":814,"y":1482,"w":52,"h":46},
	"rotated": false,
	"trimmed": true,
	"spriteSourceSize": {"x":0,"y":0,"w":52,"h":46},
	"sourceSize": {"w":51,"h":46}
},
"general/diamondbonuscoin":
{
	"frame": {"x":1088,"y":4,"w":200,"h":208},
	"rotated": false,
	"trimmed": true,
	"spriteSourceSize": {"x":0,"y":2,"w":200,"h":208},
	"sourceSize": {"w":200,"h":210}
},
"general/dogecoin_70x70":
{
	"frame": {"x":1290,"y":702,"w":70,"h":70},
	"rotated": false,
	"trimmed": false,
	"spriteSourceSize": {"x":0,"y":0,"w":70,"h":70},
	"sourceSize": {"w":70,"h":70}
},
"general/dogetalkie":
{
	"frame": {"x":748,"y":1620,"w":46,"h":100},
	"rotated": false,
	"trimmed": true,
	"spriteSourceSize": {"x":0,"y":0,"w":46,"h":100},
	"sourceSize": {"w":45,"h":100}
},
"general/earth":
{
	"frame": {"x":858,"y":408,"w":100,"h":100},
	"rotated": false,
	"trimmed": false,
	"spriteSourceSize": {"x":0,"y":0,"w":100,"h":100},
	"sourceSize": {"w":100,"h":100}
},
"general/earth_tab":
{
	"frame": {"x":1724,"y":462,"w":90,"h":76},
	"rotated": false,
	"trimmed": true,
	"spriteSourceSize": {"x":0,"y":0,"w":90,"h":76},
	"sourceSize": {"w":89,"h":75}
},
"general/easterdogecoin_70x70":
{
	"frame": {"x":1160,"y":1286,"w":70,"h":70},
	"rotated": false,
	"trimmed": false,
	"spriteSourceSize": {"x":0,"y":0,"w":70,"h":70},
	"sourceSize": {"w":70,"h":70}
},
"general/fire":
{
	"frame": {"x":236,"y":1726,"w":110,"h":52},
	"rotated": false,
	"trimmed": true,
	"spriteSourceSize": {"x":148,"y":0,"w":110,"h":52},
	"sourceSize": {"w":258,"h":51}
},
"general/fx/pointy":
{
	"frame": {"x":4,"y":906,"w":250,"h":250},
	"rotated": false,
	"trimmed": false,
	"spriteSourceSize": {"x":0,"y":0,"w":250,"h":250},
	"sourceSize": {"w":250,"h":250}
},
"general/fx/radial":
{
	"frame": {"x":4,"y":162,"w":400,"h":400},
	"rotated": false,
	"trimmed": false,
	"spriteSourceSize": {"x":0,"y":0,"w":400,"h":400},
	"sourceSize": {"w":400,"h":400}
},
"general/fx/roundparticles":
{
	"frame": {"x":1730,"y":1610,"w":40,"h":36},
	"rotated": false,
	"trimmed": true,
	"spriteSourceSize": {"x":0,"y":2,"w":40,"h":36},
	"sourceSize": {"w":39,"h":39}
},
"general/fx/spark1":
{
	"frame": {"x":644,"y":1170,"w":10,"h":14},
	"rotated": false,
	"trimmed": false,
	"spriteSourceSize": {"x":0,"y":0,"w":10,"h":14},
	"sourceSize": {"w":10,"h":14}
},
"general/fx/spark2":
{
	"frame": {"x":940,"y":956,"w":8,"h":10},
	"rotated": false,
	"trimmed": true,
	"spriteSourceSize": {"x":0,"y":0,"w":8,"h":10},
	"sourceSize": {"w":7,"h":10}
},
"general/fx/spark3":
{
	"frame": {"x":1434,"y":1292,"w":8,"h":10},
	"rotated": false,
	"trimmed": true,
	"spriteSourceSize": {"x":0,"y":0,"w":8,"h":10},
	"sourceSize": {"w":7,"h":9}
},
"general/icon_225x225":
{
	"frame": {"x":4,"y":1394,"w":226,"h":224},
	"rotated": false,
	"trimmed": true,
	"spriteSourceSize": {"x":0,"y":2,"w":226,"h":224},
	"sourceSize": {"w":225,"h":225}
},
"general/icons/2x":
{
	"frame": {"x":1408,"y":1738,"w":46,"h":36},
	"rotated": false,
	"trimmed": true,
	"spriteSourceSize": {"x":8,"y":12,"w":46,"h":36},
	"sourceSize": {"w":60,"h":60}
},
"general/icons/4x":
{
	"frame": {"x":1770,"y":1438,"w":50,"h":36},
	"rotated": false,
	"trimmed": true,
	"spriteSourceSize": {"x":6,"y":12,"w":50,"h":36},
	"sourceSize": {"w":60,"h":60}
},
"general/icons/36x":
{
	"frame": {"x":1542,"y":1192,"w":60,"h":28},
	"rotated": false,
	"trimmed": true,
	"spriteSourceSize": {"x":0,"y":16,"w":60,"h":28},
	"sourceSize": {"w":60,"h":60}
},
"general/icons/420":
{
	"frame": {"x":1416,"y":1138,"w":60,"h":60},
	"rotated": false,
	"trimmed": false,
	"spriteSourceSize": {"x":0,"y":0,"w":60,"h":60},
	"sourceSize": {"w":60,"h":60}
},
"general/icons/ancientchart":
{
	"frame": {"x":902,"y":1044,"w":76,"h":76},
	"rotated": false,
	"trimmed": true,
	"spriteSourceSize": {"x":0,"y":0,"w":76,"h":76},
	"sourceSize": {"w":75,"h":75}
},
"general/icons/axes":
{
	"frame": {"x":1608,"y":1202,"w":60,"h":60},
	"rotated": false,
	"trimmed": false,
	"spriteSourceSize": {"x":0,"y":0,"w":60,"h":60},
	"sourceSize": {"w":60,"h":60}
},
"general/icons/babydoge":
{
	"frame": {"x":1032,"y":1046,"w":76,"h":76},
	"rotated": false,
	"trimmed": true,
	"spriteSourceSize": {"x":0,"y":0,"w":76,"h":76},
	"sourceSize": {"w":75,"h":75}
},
"general/icons/balance":
{
	"frame": {"x":1674,"y":1232,"w":60,"h":54},
	"rotated": false,
	"trimmed": true,
	"spriteSourceSize": {"x":0,"y":0,"w":60,"h":54},
	"sourceSize": {"w":60,"h":53}
},
"general/icons/bean":
{
	"frame": {"x":1226,"y":1126,"w":70,"h":70},
	"rotated": false,
	"trimmed": false,
	"spriteSourceSize": {"x":0,"y":0,"w":70,"h":70},
	"sourceSize": {"w":70,"h":70}
},
"general/icons/bigbling":
{
	"frame": {"x":876,"y":1666,"w":60,"h":58},
	"rotated": false,
	"trimmed": true,
	"spriteSourceSize": {"x":0,"y":2,"w":60,"h":58},
	"sourceSize": {"w":60,"h":60}
},
"general/icons/bigdiamond":
{
	"frame": {"x":816,"y":1128,"w":76,"h":76},
	"rotated": false,
	"trimmed": true,
	"spriteSourceSize": {"x":0,"y":0,"w":76,"h":76},
	"sourceSize": {"w":75,"h":76}
},
"general/icons/blackhole":
{
	"frame": {"x":1134,"y":1738,"w":54,"h":40},
	"rotated": false,
	"trimmed": true,
	"spriteSourceSize": {"x":0,"y":12,"w":54,"h":40},
	"sourceSize": {"w":60,"h":60}
},
"general/icons/bling":
{
	"frame": {"x":1786,"y":1004,"w":34,"h":60},
	"rotated": false,
	"trimmed": true,
	"spriteSourceSize": {"x":12,"y":0,"w":34,"h":60},
	"sourceSize": {"w":60,"h":60}
},
"general/icons/blueflame":
{
	"frame": {"x":1220,"y":1226,"w":40,"h":54},
	"rotated": false,
	"trimmed": true,
	"spriteSourceSize": {"x":10,"y":4,"w":40,"h":54},
	"sourceSize": {"w":60,"h":60}
},
"general/icons/boltcutter":
{
	"frame": {"x":550,"y":1734,"w":52,"h":46},
	"rotated": false,
	"trimmed": true,
	"spriteSourceSize": {"x":4,"y":8,"w":52,"h":46},
	"sourceSize": {"w":60,"h":60}
},
"general/icons/bookofmemes":
{
	"frame": {"x":1248,"y":542,"w":66,"h":74},
	"rotated": false,
	"trimmed": true,
	"spriteSourceSize": {"x":0,"y":0,"w":66,"h":74},
	"sourceSize": {"w":65,"h":73}
},
"general/icons/bouquet":
{
	"frame": {"x":812,"y":1210,"w":76,"h":76},
	"rotated": false,
	"trimmed": true,
	"spriteSourceSize": {"x":0,"y":0,"w":76,"h":76},
	"sourceSize": {"w":75,"h":75}
},
"general/icons/brofist":
{
	"frame": {"x":832,"y":1292,"w":76,"h":76},
	"rotated": false,
	"trimmed": true,
	"spriteSourceSize": {"x":0,"y":0,"w":76,"h":76},
	"sourceSize": {"w":75,"h":75}
},
"general/icons/brokenrecord":
{
	"frame": {"x":942,"y":1672,"w":60,"h":60},
	"rotated": false,
	"trimmed": true,
	"spriteSourceSize": {"x":0,"y":0,"w":60,"h":60},
	"sourceSize": {"w":60,"h":59}
},
"general/icons/bronze":
{
	"frame": {"x":1008,"y":1672,"w":60,"h":60},
	"rotated": false,
	"trimmed": false,
	"spriteSourceSize": {"x":0,"y":0,"w":60,"h":60},
	"sourceSize": {"w":60,"h":60}
},
"general/icons/bronze_egg":
{
	"frame": {"x":1194,"y":1362,"w":54,"h":68},
	"rotated": false,
	"trimmed": true,
	"spriteSourceSize": {"x":6,"y":0,"w":54,"h":68},
	"sourceSize": {"w":67,"h":67}
},
"general/icons/bronzecoin":
{
	"frame": {"x":1074,"y":1672,"w":60,"h":60},
	"rotated": false,
	"trimmed": false,
	"spriteSourceSize": {"x":0,"y":0,"w":60,"h":60},
	"sourceSize": {"w":60,"h":60}
},
"general/icons/cable":
{
	"frame": {"x":872,"y":1730,"w":60,"h":52},
	"rotated": false,
	"trimmed": true,
	"spriteSourceSize": {"x":0,"y":6,"w":60,"h":52},
	"sourceSize": {"w":60,"h":60}
},
"general/icons/camera":
{
	"frame": {"x":1770,"y":1392,"w":50,"h":40},
	"rotated": false,
	"trimmed": true,
	"spriteSourceSize": {"x":6,"y":10,"w":50,"h":40},
	"sourceSize": {"w":60,"h":60}
},
"general/icons/candy":
{
	"frame": {"x":1708,"y":156,"w":88,"h":48},
	"rotated": false,
	"trimmed": false,
	"spriteSourceSize": {"x":0,"y":0,"w":88,"h":48},
	"sourceSize": {"w":88,"h":48}
},
"general/icons/candypile":
{
	"frame": {"x":872,"y":986,"w":76,"h":52},
	"rotated": false,
	"trimmed": true,
	"spriteSourceSize": {"x":0,"y":12,"w":76,"h":52},
	"sourceSize": {"w":75,"h":75}
},
"general/icons/cape":
{
	"frame": {"x":1278,"y":1044,"w":60,"h":68},
	"rotated": false,
	"trimmed": false,
	"spriteSourceSize": {"x":0,"y":0,"w":60,"h":68},
	"sourceSize": {"w":60,"h":68}
},
"general/icons/chunk":
{
	"frame": {"x":800,"y":1686,"w":66,"h":66},
	"rotated": false,
	"trimmed": true,
	"spriteSourceSize": {"x":0,"y":0,"w":66,"h":66},
	"sourceSize": {"w":66,"h":65}
},
"general/icons/cloudcache":
{
	"frame": {"x":934,"y":654,"w":144,"h":96},
	"rotated": false,
	"trimmed": false,
	"spriteSourceSize": {"x":0,"y":0,"w":144,"h":96},
	"sourceSize": {"w":144,"h":96}
},
"general/icons/coinminator":
{
	"frame": {"x":1194,"y":1436,"w":60,"h":56},
	"rotated": false,
	"trimmed": true,
	"spriteSourceSize": {"x":0,"y":2,"w":60,"h":56},
	"sourceSize": {"w":60,"h":60}
},
"general/icons/collar":
{
	"frame": {"x":352,"y":1734,"w":60,"h":48},
	"rotated": false,
	"trimmed": true,
	"spriteSourceSize": {"x":0,"y":6,"w":60,"h":48},
	"sourceSize": {"w":60,"h":60}
},
"general/icons/contained_monster":
{
	"frame": {"x":984,"y":1040,"w":42,"h":76},
	"rotated": false,
	"trimmed": true,
	"spriteSourceSize": {"x":0,"y":0,"w":42,"h":76},
	"sourceSize": {"w":42,"h":75}
},
"general/icons/cpus":
{
	"frame": {"x":1728,"y":316,"w":76,"h":50},
	"rotated": false,
	"trimmed": true,
	"spriteSourceSize": {"x":0,"y":0,"w":76,"h":50},
	"sourceSize": {"w":75,"h":50}
},
"general/icons/cuteshibe":
{
	"frame": {"x":1098,"y":1606,"w":60,"h":60},
	"rotated": false,
	"trimmed": false,
	"spriteSourceSize": {"x":0,"y":0,"w":60,"h":60},
	"sourceSize": {"w":60,"h":60}
},
"general/icons/d-d":
{
	"frame": {"x":1140,"y":1672,"w":60,"h":60},
	"rotated": false,
	"trimmed": false,
	"spriteSourceSize": {"x":0,"y":0,"w":60,"h":60},
	"sourceSize": {"w":60,"h":60}
},
"general/icons/danktruck":
{
	"frame": {"x":1358,"y":982,"w":76,"h":76},
	"rotated": false,
	"trimmed": true,
	"spriteSourceSize": {"x":0,"y":0,"w":76,"h":76},
	"sourceSize": {"w":75,"h":75}
},
"general/icons/darkcoin":
{
	"frame": {"x":1504,"y":792,"w":80,"h":80},
	"rotated": false,
	"trimmed": false,
	"spriteSourceSize": {"x":0,"y":0,"w":80,"h":80},
	"sourceSize": {"w":80,"h":80}
},
"general/icons/dedogerean":
{
	"frame": {"x":1448,"y":1270,"w":60,"h":54},
	"rotated": false,
	"trimmed": true,
	"spriteSourceSize": {"x":0,"y":4,"w":60,"h":54},
	"sourceSize": {"w":60,"h":60}
},
"general/icons/derp":
{
	"frame": {"x":1542,"y":1120,"w":60,"h":66},
	"rotated": false,
	"trimmed": false,
	"spriteSourceSize": {"x":0,"y":0,"w":60,"h":66},
	"sourceSize": {"w":60,"h":66}
},
"general/icons/diabadge":
{
	"frame": {"x":964,"y":406,"w":116,"h":116},
	"rotated": false,
	"trimmed": true,
	"spriteSourceSize": {"x":0,"y":0,"w":116,"h":116},
	"sourceSize": {"w":115,"h":115}
},
"general/icons/diamond-d":
{
	"frame": {"x":1260,"y":1436,"w":60,"h":60},
	"rotated": false,
	"trimmed": false,
	"spriteSourceSize": {"x":0,"y":0,"w":60,"h":60},
	"sourceSize": {"w":60,"h":60}
},
"general/icons/diamond_loot":
{
	"frame": {"x":1364,"y":1738,"w":38,"h":42},
	"rotated": false,
	"trimmed": false,
	"spriteSourceSize": {"x":0,"y":0,"w":38,"h":42},
	"sourceSize": {"w":38,"h":42}
},
"general/icons/diamonddarkcoin":
{
	"frame": {"x":1590,"y":782,"w":80,"h":80},
	"rotated": false,
	"trimmed": false,
	"spriteSourceSize": {"x":0,"y":0,"w":80,"h":80},
	"sourceSize": {"w":80,"h":80}
},
"general/icons/diamondmystery":
{
	"frame": {"x":1262,"y":882,"w":90,"h":88},
	"rotated": false,
	"trimmed": true,
	"spriteSourceSize": {"x":0,"y":0,"w":90,"h":88},
	"sourceSize": {"w":90,"h":87}
},
"general/icons/diamondrig":
{
	"frame": {"x":1514,"y":1292,"w":60,"h":54},
	"rotated": false,
	"trimmed": true,
	"spriteSourceSize": {"x":0,"y":4,"w":60,"h":54},
	"sourceSize": {"w":60,"h":60}
},
"general/icons/diamondrocket":
{
	"frame": {"x":1266,"y":1226,"w":44,"h":60},
	"rotated": false,
	"trimmed": true,
	"spriteSourceSize": {"x":10,"y":0,"w":44,"h":60},
	"sourceSize": {"w":60,"h":60}
},
"general/icons/diamondrockets":
{
	"frame": {"x":1302,"y":1292,"w":60,"h":60},
	"rotated": false,
	"trimmed": false,
	"spriteSourceSize": {"x":0,"y":0,"w":60,"h":60},
	"sourceSize": {"w":60,"h":60}
},
"general/icons/diamonds_stack":
{
	"frame": {"x":1606,"y":1018,"w":88,"h":66},
	"rotated": false,
	"trimmed": true,
	"spriteSourceSize": {"x":0,"y":0,"w":88,"h":66},
	"sourceSize": {"w":87,"h":66}
},
"general/icons/diesel":
{
	"frame": {"x":1108,"y":1456,"w":60,"h":66},
	"rotated": false,
	"trimmed": false,
	"spriteSourceSize": {"x":0,"y":0,"w":60,"h":66},
	"sourceSize": {"w":60,"h":66}
},
"general/icons/disco":
{
	"frame": {"x":810,"y":978,"w":56,"h":60},
	"rotated": false,
	"trimmed": true,
	"spriteSourceSize": {"x":2,"y":0,"w":56,"h":60},
	"sourceSize": {"w":60,"h":60}
},
"general/icons/dogebag":
{
	"frame": {"x":1708,"y":4,"w":100,"h":146},
	"rotated": false,
	"trimmed": true,
	"spriteSourceSize": {"x":0,"y":0,"w":100,"h":146},
	"sourceSize": {"w":100,"h":145}
},
"general/icons/dogecola":
{
	"frame": {"x":894,"y":1210,"w":76,"h":76},
	"rotated": false,
	"trimmed": true,
	"spriteSourceSize": {"x":0,"y":0,"w":76,"h":76},
	"sourceSize": {"w":75,"h":75}
},
"general/icons/dogedragon":
{
	"frame": {"x":1224,"y":708,"w":60,"h":64},
	"rotated": false,
	"trimmed": true,
	"spriteSourceSize": {"x":0,"y":0,"w":60,"h":64},
	"sourceSize": {"w":60,"h":63}
},
"general/icons/dogegrinch":
{
	"frame": {"x":898,"y":1128,"w":76,"h":76},
	"rotated": false,
	"trimmed": true,
	"spriteSourceSize": {"x":0,"y":0,"w":76,"h":76},
	"sourceSize": {"w":75,"h":75}
},
"general/icons/dogeminerpc":
{
	"frame": {"x":1508,"y":1418,"w":60,"h":46},
	"rotated": false,
	"trimmed": true,
	"spriteSourceSize": {"x":0,"y":8,"w":60,"h":46},
	"sourceSize": {"w":60,"h":60}
},
"general/icons/dogeshield":
{
	"frame": {"x":914,"y":1292,"w":76,"h":76},
	"rotated": false,
	"trimmed": true,
	"spriteSourceSize": {"x":0,"y":0,"w":76,"h":76},
	"sourceSize": {"w":75,"h":75}
},
"general/icons/dogestonefort":
{
	"frame": {"x":1772,"y":756,"w":48,"h":76},
	"rotated": false,
	"trimmed": true,
	"spriteSourceSize": {"x":14,"y":0,"w":48,"h":76},
	"sourceSize": {"w":75,"h":75}
},
"general/icons/easterfire":
{
	"frame": {"x":872,"y":1374,"w":76,"h":76},
	"rotated": false,
	"trimmed": true,
	"spriteSourceSize": {"x":0,"y":0,"w":76,"h":76},
	"sourceSize": {"w":75,"h":75}
},
"general/icons/easterfountain":
{
	"frame": {"x":954,"y":1374,"w":76,"h":76},
	"rotated": false,
	"trimmed": true,
	"spriteSourceSize": {"x":0,"y":0,"w":76,"h":76},
	"sourceSize": {"w":75,"h":75}
},
"general/icons/easterisland":
{
	"frame": {"x":1026,"y":1532,"w":68,"h":68},
	"rotated": false,
	"trimmed": true,
	"spriteSourceSize": {"x":0,"y":0,"w":68,"h":68},
	"sourceSize": {"w":67,"h":67}
},
"general/icons/eggbasket":
{
	"frame": {"x":980,"y":1128,"w":76,"h":76},
	"rotated": false,
	"trimmed": true,
	"spriteSourceSize": {"x":0,"y":0,"w":76,"h":76},
	"sourceSize": {"w":75,"h":75}
},
"general/icons/elfdoge":
{
	"frame": {"x":976,"y":1210,"w":76,"h":76},
	"rotated": false,
	"trimmed": true,
	"spriteSourceSize": {"x":0,"y":0,"w":76,"h":76},
	"sourceSize": {"w":75,"h":75}
},
"general/icons/emcdoge":
{
	"frame": {"x":1194,"y":1738,"w":56,"h":36},
	"rotated": false,
	"trimmed": true,
	"spriteSourceSize": {"x":0,"y":8,"w":56,"h":36},
	"sourceSize": {"w":60,"h":60}
},
"general/icons/emerald":
{
	"frame": {"x":814,"y":1396,"w":52,"h":80},
	"rotated": false,
	"trimmed": true,
	"spriteSourceSize": {"x":0,"y":0,"w":52,"h":80},
	"sourceSize": {"w":51,"h":79}
},
"general/icons/emptypaper":
{
	"frame": {"x":1240,"y":626,"w":74,"h":70},
	"rotated": false,
	"trimmed": true,
	"spriteSourceSize": {"x":0,"y":0,"w":74,"h":70},
	"sourceSize": {"w":73,"h":69}
},
"general/icons/emptypotion":
{
	"frame": {"x":1416,"y":1064,"w":54,"h":68},
	"rotated": false,
	"trimmed": true,
	"spriteSourceSize": {"x":0,"y":0,"w":54,"h":68},
	"sourceSize": {"w":53,"h":68}
},
"general/icons/emptysaltshaker":
{
	"frame": {"x":1608,"y":1162,"w":66,"h":34},
	"rotated": false,
	"trimmed": true,
	"spriteSourceSize": {"x":0,"y":0,"w":66,"h":34},
	"sourceSize": {"w":65,"h":33}
},
"general/icons/essence":
{
	"frame": {"x":1344,"y":1064,"w":66,"h":66},
	"rotated": false,
	"trimmed": true,
	"spriteSourceSize": {"x":0,"y":0,"w":66,"h":66},
	"sourceSize": {"w":65,"h":65}
},
"general/icons/excavator":
{
	"frame": {"x":1442,"y":1462,"w":60,"h":50},
	"rotated": false,
	"trimmed": true,
	"spriteSourceSize": {"x":0,"y":4,"w":60,"h":50},
	"sourceSize": {"w":60,"h":60}
},
"general/icons/fedora":
{
	"frame": {"x":1256,"y":1738,"w":52,"h":44},
	"rotated": false,
	"trimmed": true,
	"spriteSourceSize": {"x":4,"y":8,"w":52,"h":44},
	"sourceSize": {"w":60,"h":60}
},
"general/icons/flaminghammer":
{
	"frame": {"x":1476,"y":1056,"w":60,"h":68},
	"rotated": false,
	"trimmed": false,
	"spriteSourceSize": {"x":0,"y":0,"w":60,"h":68},
	"sourceSize": {"w":60,"h":68}
},
"general/icons/flowerbasket":
{
	"frame": {"x":876,"y":1592,"w":68,"h":68},
	"rotated": false,
	"trimmed": true,
	"spriteSourceSize": {"x":0,"y":0,"w":68,"h":68},
	"sourceSize": {"w":67,"h":67}
},
"general/icons/fullpotion":
{
	"frame": {"x":1254,"y":1362,"w":50,"h":68},
	"rotated": false,
	"trimmed": true,
	"spriteSourceSize": {"x":0,"y":0,"w":50,"h":68},
	"sourceSize": {"w":50,"h":67}
},
"general/icons/gate":
{
	"frame": {"x":1714,"y":1708,"w":56,"h":46},
	"rotated": false,
	"trimmed": true,
	"spriteSourceSize": {"x":4,"y":6,"w":56,"h":46},
	"sourceSize": {"w":60,"h":60}
},
"general/icons/gold":
{
	"frame": {"x":1310,"y":1358,"w":60,"h":60},
	"rotated": false,
	"trimmed": false,
	"spriteSourceSize": {"x":0,"y":0,"w":60,"h":60},
	"sourceSize": {"w":60,"h":60}
},
"general/icons/goldbars":
{
	"frame": {"x":418,"y":1734,"w":60,"h":48},
	"rotated": false,
	"trimmed": true,
	"spriteSourceSize": {"x":0,"y":6,"w":60,"h":48},
	"sourceSize": {"w":60,"h":60}
},
"general/icons/goldenaxes":
{
	"frame": {"x":1512,"y":544,"w":58,"h":42},
	"rotated": false,
	"trimmed": true,
	"spriteSourceSize": {"x":2,"y":8,"w":58,"h":42},
	"sourceSize": {"w":60,"h":60}
},
"general/icons/goldendarkcoin":
{
	"frame": {"x":1606,"y":868,"w":80,"h":80},
	"rotated": false,
	"trimmed": false,
	"spriteSourceSize": {"x":0,"y":0,"w":80,"h":80},
	"sourceSize": {"w":80,"h":80}
},
"general/icons/goldenpick":
{
	"frame": {"x":1202,"y":1554,"w":38,"h":50},
	"rotated": false,
	"trimmed": true,
	"spriteSourceSize": {"x":8,"y":6,"w":38,"h":50},
	"sourceSize": {"w":60,"h":60}
},
"general/icons/goldenrig":
{
	"frame": {"x":1508,"y":1470,"w":60,"h":54},
	"rotated": false,
	"trimmed": true,
	"spriteSourceSize": {"x":0,"y":4,"w":60,"h":54},
	"sourceSize": {"w":60,"h":60}
},
"general/icons/goldpack":
{
	"frame": {"x":1344,"y":1136,"w":66,"h":44},
	"rotated": false,
	"trimmed": true,
	"spriteSourceSize": {"x":0,"y":0,"w":66,"h":44},
	"sourceSize": {"w":65,"h":44}
},
"general/icons/goldplanet1":
{
	"frame": {"x":1118,"y":1374,"w":70,"h":70},
	"rotated": false,
	"trimmed": false,
	"spriteSourceSize": {"x":0,"y":0,"w":70,"h":70},
	"sourceSize": {"w":70,"h":70}
},
"general/icons/goldplanet2":
{
	"frame": {"x":954,"y":1456,"w":72,"h":70},
	"rotated": false,
	"trimmed": true,
	"spriteSourceSize": {"x":0,"y":0,"w":72,"h":70},
	"sourceSize": {"w":72,"h":69}
},
"general/icons/goldplanet3":
{
	"frame": {"x":1140,"y":1210,"w":74,"h":70},
	"rotated": false,
	"trimmed": false,
	"spriteSourceSize": {"x":0,"y":0,"w":74,"h":70},
	"sourceSize": {"w":74,"h":70}
},
"general/icons/goldrocket":
{
	"frame": {"x":1326,"y":1424,"w":44,"h":60},
	"rotated": false,
	"trimmed": true,
	"spriteSourceSize": {"x":10,"y":0,"w":44,"h":60},
	"sourceSize": {"w":60,"h":60}
},
"general/icons/goldrockets":
{
	"frame": {"x":1316,"y":1226,"w":60,"h":60},
	"rotated": false,
	"trimmed": false,
	"spriteSourceSize": {"x":0,"y":0,"w":60,"h":60},
	"sourceSize": {"w":60,"h":60}
},
"general/icons/goldscales":
{
	"frame": {"x":1608,"y":1090,"w":66,"h":66},
	"rotated": false,
	"trimmed": true,
	"spriteSourceSize": {"x":0,"y":0,"w":66,"h":66},
	"sourceSize": {"w":65,"h":65}
},
"general/icons/goldwood":
{
	"frame": {"x":1680,"y":1090,"w":66,"h":66},
	"rotated": false,
	"trimmed": true,
	"spriteSourceSize": {"x":0,"y":0,"w":66,"h":66},
	"sourceSize": {"w":65,"h":65}
},
"general/icons/gpupick":
{
	"frame": {"x":1772,"y":1542,"w":48,"h":54},
	"rotated": false,
	"trimmed": true,
	"spriteSourceSize": {"x":4,"y":2,"w":48,"h":54},
	"sourceSize": {"w":60,"h":60}
},
"general/icons/greenarrow":
{
	"frame": {"x":1368,"y":1292,"w":60,"h":60},
	"rotated": false,
	"trimmed": false,
	"spriteSourceSize": {"x":0,"y":0,"w":60,"h":60},
	"sourceSize": {"w":60,"h":60}
},
"general/icons/greencross":
{
	"frame": {"x":1376,"y":1358,"w":60,"h":60},
	"rotated": false,
	"trimmed": false,
	"spriteSourceSize": {"x":0,"y":0,"w":60,"h":60},
	"sourceSize": {"w":60,"h":60}
},
"general/icons/greengem":
{
	"frame": {"x":740,"y":1726,"w":54,"h":52},
	"rotated": false,
	"trimmed": true,
	"spriteSourceSize": {"x":0,"y":0,"w":54,"h":52},
	"sourceSize": {"w":53,"h":51}
},
"general/icons/greenhole":
{
	"frame": {"x":1004,"y":1738,"w":58,"h":42},
	"rotated": false,
	"trimmed": true,
	"spriteSourceSize": {"x":0,"y":10,"w":58,"h":42},
	"sourceSize": {"w":60,"h":60}
},
"general/icons/greenline":
{
	"frame": {"x":1376,"y":1424,"w":60,"h":60},
	"rotated": false,
	"trimmed": false,
	"spriteSourceSize": {"x":0,"y":0,"w":60,"h":60},
	"sourceSize": {"w":60,"h":60}
},
"general/icons/greenswag":
{
	"frame": {"x":608,"y":1724,"w":60,"h":58},
	"rotated": false,
	"trimmed": true,
	"spriteSourceSize": {"x":0,"y":0,"w":60,"h":58},
	"sourceSize": {"w":60,"h":60}
},
"general/icons/gunther":
{
	"frame": {"x":872,"y":904,"w":62,"h":76},
	"rotated": false,
	"trimmed": true,
	"spriteSourceSize": {"x":6,"y":0,"w":62,"h":76},
	"sourceSize": {"w":75,"h":75}
},
"general/icons/harmony":
{
	"frame": {"x":1382,"y":1226,"w":60,"h":60},
	"rotated": false,
	"trimmed": false,
	"spriteSourceSize": {"x":0,"y":0,"w":60,"h":60},
	"sourceSize": {"w":60,"h":60}
},
"general/icons/helmets-diamond":
{
	"frame": {"x":1580,"y":1334,"w":60,"h":56},
	"rotated": false,
	"trimmed": true,
	"spriteSourceSize": {"x":0,"y":2,"w":60,"h":56},
	"sourceSize": {"w":60,"h":60}
},
"general/icons/helmets-gold":
{
	"frame": {"x":1646,"y":1358,"w":60,"h":56},
	"rotated": false,
	"trimmed": true,
	"spriteSourceSize": {"x":0,"y":2,"w":60,"h":56},
	"sourceSize": {"w":60,"h":60}
},
"general/icons/helmets-special":
{
	"frame": {"x":1640,"y":1486,"w":60,"h":56},
	"rotated": false,
	"trimmed": true,
	"spriteSourceSize": {"x":0,"y":2,"w":60,"h":56},
	"sourceSize": {"w":60,"h":60}
},
"general/icons/illuminati":
{
	"frame": {"x":1574,"y":1528,"w":60,"h":52},
	"rotated": false,
	"trimmed": true,
	"spriteSourceSize": {"x":0,"y":0,"w":60,"h":52},
	"sourceSize": {"w":60,"h":51}
},
"general/icons/insulation":
{
	"frame": {"x":810,"y":908,"w":56,"h":64},
	"rotated": false,
	"trimmed": true,
	"spriteSourceSize": {"x":0,"y":0,"w":56,"h":64},
	"sourceSize": {"w":55,"h":64}
},
"general/icons/int":
{
	"frame": {"x":1448,"y":1204,"w":60,"h":60},
	"rotated": false,
	"trimmed": false,
	"spriteSourceSize": {"x":0,"y":0,"w":60,"h":60},
	"sourceSize": {"w":60,"h":60}
},
"general/icons/jelly":
{
	"frame": {"x":950,"y":1532,"w":70,"h":60},
	"rotated": false,
	"trimmed": false,
	"spriteSourceSize": {"x":0,"y":0,"w":70,"h":60},
	"sourceSize": {"w":70,"h":60}
},
"general/icons/jetpack":
{
	"frame": {"x":1706,"y":1424,"w":58,"h":56},
	"rotated": false,
	"trimmed": true,
	"spriteSourceSize": {"x":2,"y":4,"w":58,"h":56},
	"sourceSize": {"w":60,"h":60}
},
"general/icons/kerbal":
{
	"frame": {"x":1712,"y":1292,"w":52,"h":60},
	"rotated": false,
	"trimmed": true,
	"spriteSourceSize": {"x":4,"y":0,"w":52,"h":60},
	"sourceSize": {"w":60,"h":60}
},
"general/icons/kirk":
{
	"frame": {"x":1514,"y":1226,"w":60,"h":60},
	"rotated": false,
	"trimmed": false,
	"spriteSourceSize": {"x":0,"y":0,"w":60,"h":60},
	"sourceSize": {"w":60,"h":60}
},
"general/icons/kittens":
{
	"frame": {"x":1640,"y":1548,"w":60,"h":32},
	"rotated": false,
	"trimmed": true,
	"spriteSourceSize": {"x":0,"y":16,"w":60,"h":32},
	"sourceSize": {"w":60,"h":60}
},
"general/icons/landerleg":
{
	"frame": {"x":1552,"y":1596,"w":56,"h":54},
	"rotated": false,
	"trimmed": true,
	"spriteSourceSize": {"x":0,"y":2,"w":56,"h":54},
	"sourceSize": {"w":60,"h":60}
},
"general/icons/landerlegs":
{
	"frame": {"x":1542,"y":1054,"w":58,"h":60},
	"rotated": false,
	"trimmed": true,
	"spriteSourceSize": {"x":0,"y":0,"w":58,"h":60},
	"sourceSize": {"w":60,"h":60}
},
"general/icons/large_stack_1":
{
	"frame": {"x":940,"y":862,"w":102,"h":88},
	"rotated": false,
	"trimmed": true,
	"spriteSourceSize": {"x":0,"y":0,"w":102,"h":88},
	"sourceSize": {"w":101,"h":88}
},
"general/icons/large_stack_2":
{
	"frame": {"x":1048,"y":874,"w":102,"h":84},
	"rotated": false,
	"trimmed": true,
	"spriteSourceSize": {"x":0,"y":0,"w":102,"h":84},
	"sourceSize": {"w":101,"h":83}
},
"general/icons/largegem":
{
	"frame": {"x":950,"y":1598,"w":68,"h":68},
	"rotated": false,
	"trimmed": true,
	"spriteSourceSize": {"x":0,"y":0,"w":68,"h":68},
	"sourceSize": {"w":68,"h":67}
},
"general/icons/lasers":
{
	"frame": {"x":1580,"y":1268,"w":60,"h":60},
	"rotated": false,
	"trimmed": false,
	"spriteSourceSize": {"x":0,"y":0,"w":60,"h":60},
	"sourceSize": {"w":60,"h":60}
},
"general/icons/lollipop":
{
	"frame": {"x":1442,"y":1330,"w":60,"h":60},
	"rotated": false,
	"trimmed": false,
	"spriteSourceSize": {"x":0,"y":0,"w":60,"h":60},
	"sourceSize": {"w":60,"h":60}
},
"general/icons/manyaxes":
{
	"frame": {"x":1442,"y":1396,"w":60,"h":60},
	"rotated": false,
	"trimmed": false,
	"spriteSourceSize": {"x":0,"y":0,"w":60,"h":60},
	"sourceSize": {"w":60,"h":60}
},
"general/icons/map":
{
	"frame": {"x":1322,"y":790,"w":90,"h":84},
	"rotated": false,
	"trimmed": true,
	"spriteSourceSize": {"x":0,"y":0,"w":90,"h":84},
	"sourceSize": {"w":90,"h":83}
},
"general/icons/map2":
{
	"frame": {"x":1440,"y":986,"w":64,"h":64},
	"rotated": false,
	"trimmed": false,
	"spriteSourceSize": {"x":0,"y":0,"w":64,"h":64},
	"sourceSize": {"w":64,"h":64}
},
"general/icons/marschest":
{
	"frame": {"x":808,"y":514,"w":142,"h":124},
	"rotated": false,
	"trimmed": true,
	"spriteSourceSize": {"x":0,"y":0,"w":142,"h":124},
	"sourceSize": {"w":141,"h":124}
},
"general/icons/mball":
{
	"frame": {"x":996,"y":1292,"w":76,"h":76},
	"rotated": false,
	"trimmed": true,
	"spriteSourceSize": {"x":0,"y":0,"w":76,"h":76},
	"sourceSize": {"w":75,"h":75}
},
"general/icons/medium_stack_1":
{
	"frame": {"x":1202,"y":1498,"w":46,"h":50},
	"rotated": false,
	"trimmed": true,
	"spriteSourceSize": {"x":0,"y":0,"w":46,"h":50},
	"sourceSize": {"w":45,"h":50}
},
"general/icons/medium_stack_2":
{
	"frame": {"x":1776,"y":1602,"w":44,"h":52},
	"rotated": false,
	"trimmed": true,
	"spriteSourceSize": {"x":0,"y":0,"w":44,"h":52},
	"sourceSize": {"w":44,"h":51}
},
"general/icons/medium_stack_3":
{
	"frame": {"x":872,"y":1456,"w":76,"h":56},
	"rotated": false,
	"trimmed": true,
	"spriteSourceSize": {"x":0,"y":0,"w":76,"h":56},
	"sourceSize": {"w":75,"h":56}
},
"general/icons/medium_stack_4":
{
	"frame": {"x":1606,"y":954,"w":80,"h":58},
	"rotated": false,
	"trimmed": true,
	"spriteSourceSize": {"x":0,"y":0,"w":80,"h":58},
	"sourceSize": {"w":79,"h":57}
},
"general/icons/mooncrate":
{
	"frame": {"x":660,"y":1170,"w":146,"h":122},
	"rotated": false,
	"trimmed": true,
	"spriteSourceSize": {"x":0,"y":0,"w":146,"h":122},
	"sourceSize": {"w":145,"h":122}
},
"general/icons/mummified_rapper":
{
	"frame": {"x":874,"y":1518,"w":70,"h":68},
	"rotated": false,
	"trimmed": true,
	"spriteSourceSize": {"x":0,"y":0,"w":70,"h":68},
	"sourceSize": {"w":70,"h":67}
},
"general/icons/mysterybox-openable":
{
	"frame": {"x":940,"y":756,"w":102,"h":100},
	"rotated": false,
	"trimmed": true,
	"spriteSourceSize": {"x":0,"y":0,"w":102,"h":100},
	"sourceSize": {"w":102,"h":99}
},
"general/icons/mysterybox":
{
	"frame": {"x":1470,"y":698,"w":90,"h":88},
	"rotated": false,
	"trimmed": true,
	"spriteSourceSize": {"x":0,"y":0,"w":90,"h":88},
	"sourceSize": {"w":90,"h":87}
},
"general/icons/nasaicon":
{
	"frame": {"x":816,"y":1044,"w":80,"h":78},
	"rotated": false,
	"trimmed": false,
	"spriteSourceSize": {"x":0,"y":0,"w":80,"h":78},
	"sourceSize": {"w":80,"h":78}
},
"general/icons/nuclear":
{
	"frame": {"x":1508,"y":1352,"w":60,"h":60},
	"rotated": false,
	"trimmed": false,
	"spriteSourceSize": {"x":0,"y":0,"w":60,"h":60},
	"sourceSize": {"w":60,"h":60}
},
"general/icons/obedience":
{
	"frame": {"x":1418,"y":792,"w":80,"h":82},
	"rotated": false,
	"trimmed": true,
	"spriteSourceSize": {"x":0,"y":0,"w":80,"h":82},
	"sourceSize": {"w":80,"h":81}
},
"general/icons/olie":
{
	"frame": {"x":1574,"y":1396,"w":60,"h":60},
	"rotated": false,
	"trimmed": false,
	"spriteSourceSize": {"x":0,"y":0,"w":60,"h":60},
	"sourceSize": {"w":60,"h":60}
},
"general/icons/package":
{
	"frame": {"x":1706,"y":1486,"w":60,"h":56},
	"rotated": false,
	"trimmed": true,
	"spriteSourceSize": {"x":0,"y":2,"w":60,"h":56},
	"sourceSize": {"w":60,"h":60}
},
"general/icons/pad":
{
	"frame": {"x":1574,"y":1462,"w":60,"h":60},
	"rotated": false,
	"trimmed": false,
	"spriteSourceSize": {"x":0,"y":0,"w":60,"h":60},
	"sourceSize": {"w":60,"h":60}
},
"general/icons/paint":
{
	"frame": {"x":674,"y":1724,"w":60,"h":58},
	"rotated": false,
	"trimmed": true,
	"spriteSourceSize": {"x":0,"y":2,"w":60,"h":58},
	"sourceSize": {"w":60,"h":60}
},
"general/icons/partyhydra":
{
	"frame": {"x":1654,"y":1652,"w":54,"h":58},
	"rotated": false,
	"trimmed": true,
	"spriteSourceSize": {"x":2,"y":2,"w":54,"h":58},
	"sourceSize": {"w":60,"h":60}
},
"general/icons/partysticks":
{
	"frame": {"x":1654,"y":1716,"w":54,"h":58},
	"rotated": false,
	"trimmed": true,
	"spriteSourceSize": {"x":2,"y":2,"w":54,"h":58},
	"sourceSize": {"w":60,"h":60}
},
"general/icons/patreonbadge":
{
	"frame": {"x":956,"y":528,"w":116,"h":120},
	"rotated": false,
	"trimmed": true,
	"spriteSourceSize": {"x":0,"y":0,"w":116,"h":120},
	"sourceSize": {"w":115,"h":120}
},
"general/icons/pills":
{
	"frame": {"x":1646,"y":1292,"w":60,"h":60},
	"rotated": false,
	"trimmed": false,
	"spriteSourceSize": {"x":0,"y":0,"w":60,"h":60},
	"sourceSize": {"w":60,"h":60}
},
"general/icons/poisonedapple":
{
	"frame": {"x":1770,"y":1276,"w":50,"h":52},
	"rotated": false,
	"trimmed": false,
	"spriteSourceSize": {"x":0,"y":0,"w":50,"h":52},
	"sourceSize": {"w":50,"h":52}
},
"general/icons/purpleswag":
{
	"frame": {"x":1068,"y":1738,"w":60,"h":38},
	"rotated": false,
	"trimmed": true,
	"spriteSourceSize": {"x":0,"y":10,"w":60,"h":38},
	"sourceSize": {"w":60,"h":60}
},
"general/icons/question":
{
	"frame": {"x":1640,"y":1420,"w":60,"h":60},
	"rotated": false,
	"trimmed": false,
	"spriteSourceSize": {"x":0,"y":0,"w":60,"h":60},
	"sourceSize": {"w":60,"h":60}
},
"general/icons/rainbow_egg":
{
	"frame": {"x":1482,"y":1130,"w":54,"h":68},
	"rotated": false,
	"trimmed": true,
	"spriteSourceSize": {"x":6,"y":0,"w":54,"h":68},
	"sourceSize": {"w":67,"h":67}
},
"general/icons/raveglasses":
{
	"frame": {"x":1706,"y":1548,"w":60,"h":56},
	"rotated": false,
	"trimmed": true,
	"spriteSourceSize": {"x":0,"y":2,"w":60,"h":56},
	"sourceSize": {"w":60,"h":60}
},
"general/icons/reallyscales":
{
	"frame": {"x":1680,"y":1162,"w":66,"h":64},
	"rotated": false,
	"trimmed": true,
	"spriteSourceSize": {"x":0,"y":0,"w":66,"h":64},
	"sourceSize": {"w":65,"h":64}
},
"general/icons/redgem":
{
	"frame": {"x":1772,"y":1480,"w":48,"h":56},
	"rotated": false,
	"trimmed": true,
	"spriteSourceSize": {"x":0,"y":0,"w":48,"h":56},
	"sourceSize": {"w":47,"h":56}
},
"general/icons/ring":
{
	"frame": {"x":954,"y":956,"w":76,"h":78},
	"rotated": false,
	"trimmed": true,
	"spriteSourceSize": {"x":0,"y":0,"w":76,"h":78},
	"sourceSize": {"w":80,"h":80}
},
"general/icons/ring2":
{
	"frame": {"x":1326,"y":1490,"w":60,"h":54},
	"rotated": false,
	"trimmed": true,
	"spriteSourceSize": {"x":0,"y":0,"w":60,"h":54},
	"sourceSize": {"w":59,"h":53}
},
"general/icons/ring3":
{
	"frame": {"x":1464,"y":1722,"w":58,"h":50},
	"rotated": false,
	"trimmed": false,
	"spriteSourceSize": {"x":0,"y":0,"w":58,"h":50},
	"sourceSize": {"w":58,"h":50}
},
"general/icons/ringplanet":
{
	"frame": {"x":938,"y":1738,"w":60,"h":42},
	"rotated": false,
	"trimmed": false,
	"spriteSourceSize": {"x":0,"y":0,"w":60,"h":42},
	"sourceSize": {"w":60,"h":42}
},
"general/icons/rips":
{
	"frame": {"x":1236,"y":1292,"w":60,"h":64},
	"rotated": false,
	"trimmed": false,
	"spriteSourceSize": {"x":0,"y":0,"w":60,"h":64},
	"sourceSize": {"w":60,"h":64}
},
"general/icons/robe":
{
	"frame": {"x":1752,"y":1206,"w":64,"h":64},
	"rotated": false,
	"trimmed": false,
	"spriteSourceSize": {"x":0,"y":0,"w":64,"h":64},
	"sourceSize": {"w":64,"h":64}
},
"general/icons/rocket":
{
	"frame": {"x":1302,"y":1118,"w":36,"h":56},
	"rotated": false,
	"trimmed": true,
	"spriteSourceSize": {"x":14,"y":4,"w":36,"h":56},
	"sourceSize": {"w":60,"h":60}
},
"general/icons/rockets":
{
	"frame": {"x":1770,"y":1334,"w":50,"h":52},
	"rotated": false,
	"trimmed": true,
	"spriteSourceSize": {"x":4,"y":6,"w":50,"h":52},
	"sourceSize": {"w":60,"h":60}
},
"general/icons/rune":
{
	"frame": {"x":1024,"y":1606,"w":68,"h":60},
	"rotated": false,
	"trimmed": false,
	"spriteSourceSize": {"x":0,"y":0,"w":68,"h":60},
	"sourceSize": {"w":68,"h":60}
},
"general/icons/sagan":
{
	"frame": {"x":1712,"y":1358,"w":52,"h":60},
	"rotated": false,
	"trimmed": true,
	"spriteSourceSize": {"x":4,"y":0,"w":52,"h":60},
	"sourceSize": {"w":60,"h":60}
},
"general/icons/santashobbe":
{
	"frame": {"x":1062,"y":1128,"w":76,"h":76},
	"rotated": false,
	"trimmed": true,
	"spriteSourceSize": {"x":0,"y":0,"w":76,"h":76},
	"sourceSize": {"w":75,"h":75}
},
"general/icons/screaming":
{
	"frame": {"x":1058,"y":1210,"w":76,"h":76},
	"rotated": false,
	"trimmed": true,
	"spriteSourceSize": {"x":0,"y":0,"w":76,"h":76},
	"sourceSize": {"w":75,"h":75}
},
"general/icons/shades":
{
	"frame": {"x":1588,"y":1722,"w":54,"h":46},
	"rotated": false,
	"trimmed": true,
	"spriteSourceSize": {"x":4,"y":6,"w":54,"h":46},
	"sourceSize": {"w":60,"h":60}
},
"general/icons/shell":
{
	"frame": {"x":1078,"y":1292,"w":76,"h":76},
	"rotated": false,
	"trimmed": true,
	"spriteSourceSize": {"x":0,"y":0,"w":76,"h":76},
	"sourceSize": {"w":75,"h":75}
},
"general/icons/shiny":
{
	"frame": {"x":1786,"y":1070,"w":34,"h":58},
	"rotated": false,
	"trimmed": true,
	"spriteSourceSize": {"x":14,"y":2,"w":34,"h":58},
	"sourceSize": {"w":60,"h":60}
},
"general/icons/shinyrocket":
{
	"frame": {"x":1206,"y":1672,"w":60,"h":60},
	"rotated": false,
	"trimmed": false,
	"spriteSourceSize": {"x":0,"y":0,"w":60,"h":60},
	"sourceSize": {"w":60,"h":60}
},
"general/icons/shinyrockets":
{
	"frame": {"x":1272,"y":1672,"w":60,"h":60},
	"rotated": false,
	"trimmed": false,
	"spriteSourceSize": {"x":0,"y":0,"w":60,"h":60},
	"sourceSize": {"w":60,"h":60}
},
"general/icons/signal":
{
	"frame": {"x":1528,"y":1722,"w":54,"h":52},
	"rotated": false,
	"trimmed": true,
	"spriteSourceSize": {"x":2,"y":6,"w":54,"h":52},
	"sourceSize": {"w":60,"h":60}
},
"general/icons/silver":
{
	"frame": {"x":1338,"y":1672,"w":60,"h":60},
	"rotated": false,
	"trimmed": false,
	"spriteSourceSize": {"x":0,"y":0,"w":60,"h":60},
	"sourceSize": {"w":60,"h":60}
},
"general/icons/silver_egg":
{
	"frame": {"x":1100,"y":1532,"w":54,"h":68},
	"rotated": false,
	"trimmed": true,
	"spriteSourceSize": {"x":6,"y":0,"w":54,"h":68},
	"sourceSize": {"w":67,"h":67}
},
"general/icons/small_stack_1":
{
	"frame": {"x":1776,"y":1660,"w":44,"h":38},
	"rotated": false,
	"trimmed": true,
	"spriteSourceSize": {"x":0,"y":0,"w":44,"h":38},
	"sourceSize": {"w":43,"h":37}
},
"general/icons/small_stack_2":
{
	"frame": {"x":1776,"y":1704,"w":44,"h":38},
	"rotated": false,
	"trimmed": true,
	"spriteSourceSize": {"x":0,"y":0,"w":44,"h":38},
	"sourceSize": {"w":43,"h":38}
},
"general/icons/small_stack_3":
{
	"frame": {"x":1680,"y":1610,"w":44,"h":36},
	"rotated": false,
	"trimmed": true,
	"spriteSourceSize": {"x":0,"y":0,"w":44,"h":36},
	"sourceSize": {"w":43,"h":36}
},
"general/icons/smalldrill":
{
	"frame": {"x":1752,"y":1134,"w":66,"h":66},
	"rotated": false,
	"trimmed": true,
	"spriteSourceSize": {"x":0,"y":0,"w":66,"h":66},
	"sourceSize": {"w":65,"h":65}
},
"general/icons/snoop":
{
	"frame": {"x":1404,"y":1672,"w":54,"h":60},
	"rotated": false,
	"trimmed": true,
	"spriteSourceSize": {"x":2,"y":0,"w":54,"h":60},
	"sourceSize": {"w":60,"h":60}
},
"general/icons/snoopdoge":
{
	"frame": {"x":1530,"y":1656,"w":56,"h":60},
	"rotated": false,
	"trimmed": true,
	"spriteSourceSize": {"x":2,"y":0,"w":56,"h":60},
	"sourceSize": {"w":59,"h":60}
},
"general/icons/snooplion":
{
	"frame": {"x":1442,"y":1518,"w":60,"h":60},
	"rotated": false,
	"trimmed": true,
	"spriteSourceSize": {"x":0,"y":0,"w":60,"h":60},
	"sourceSize": {"w":59,"h":60}
},
"general/icons/snoopspace":
{
	"frame": {"x":1592,"y":1656,"w":56,"h":60},
	"rotated": false,
	"trimmed": true,
	"spriteSourceSize": {"x":2,"y":0,"w":56,"h":60},
	"sourceSize": {"w":59,"h":60}
},
"general/icons/snow":
{
	"frame": {"x":1036,"y":1374,"w":76,"h":76},
	"rotated": false,
	"trimmed": true,
	"spriteSourceSize": {"x":0,"y":0,"w":76,"h":76},
	"sourceSize": {"w":75,"h":75}
},
"general/icons/spacehelmet":
{
	"frame": {"x":1164,"y":1610,"w":56,"h":56},
	"rotated": false,
	"trimmed": true,
	"spriteSourceSize": {"x":2,"y":2,"w":56,"h":56},
	"sourceSize": {"w":60,"h":60}
},
"general/icons/spacehelmets":
{
	"frame": {"x":1226,"y":1610,"w":60,"h":56},
	"rotated": false,
	"trimmed": true,
	"spriteSourceSize": {"x":0,"y":2,"w":60,"h":56},
	"sourceSize": {"w":60,"h":60}
},
"general/icons/special-d":
{
	"frame": {"x":1508,"y":1530,"w":60,"h":60},
	"rotated": false,
	"trimmed": false,
	"spriteSourceSize": {"x":0,"y":0,"w":60,"h":60},
	"sourceSize": {"w":60,"h":60}
},
"general/icons/specialbars":
{
	"frame": {"x":484,"y":1734,"w":60,"h":48},
	"rotated": false,
	"trimmed": true,
	"spriteSourceSize": {"x":0,"y":6,"w":60,"h":48},
	"sourceSize": {"w":60,"h":60}
},
"general/icons/specialdarkcoin":
{
	"frame": {"x":1700,"y":1004,"w":80,"h":80},
	"rotated": false,
	"trimmed": false,
	"spriteSourceSize": {"x":0,"y":0,"w":80,"h":80},
	"sourceSize": {"w":80,"h":80}
},
"general/icons/specialmystery":
{
	"frame": {"x":1510,"y":878,"w":90,"h":88},
	"rotated": false,
	"trimmed": true,
	"spriteSourceSize": {"x":0,"y":0,"w":90,"h":88},
	"sourceSize": {"w":90,"h":87}
},
"general/icons/specialrig":
{
	"frame": {"x":1486,"y":1596,"w":60,"h":54},
	"rotated": false,
	"trimmed": true,
	"spriteSourceSize": {"x":0,"y":4,"w":60,"h":54},
	"sourceSize": {"w":60,"h":60}
},
"general/icons/specialrocket":
{
	"frame": {"x":1392,"y":1490,"w":44,"h":60},
	"rotated": false,
	"trimmed": true,
	"spriteSourceSize": {"x":10,"y":0,"w":44,"h":60},
	"sourceSize": {"w":60,"h":60}
},
"general/icons/specialrockets":
{
	"frame": {"x":1420,"y":1584,"w":60,"h":60},
	"rotated": false,
	"trimmed": false,
	"spriteSourceSize": {"x":0,"y":0,"w":60,"h":60},
	"sourceSize": {"w":60,"h":60}
},
"general/icons/specialsuperfortune":
{
	"frame": {"x":808,"y":644,"w":120,"h":124},
	"rotated": false,
	"trimmed": false,
	"spriteSourceSize": {"x":0,"y":0,"w":120,"h":124},
	"sourceSize": {"w":120,"h":124}
},
"general/icons/stocks":
{
	"frame": {"x":1464,"y":1656,"w":60,"h":60},
	"rotated": false,
	"trimmed": false,
	"spriteSourceSize": {"x":0,"y":0,"w":60,"h":60},
	"sourceSize": {"w":60,"h":60}
},
"general/icons/stone":
{
	"frame": {"x":1532,"y":592,"w":38,"h":78},
	"rotated": false,
	"trimmed": true,
	"spriteSourceSize": {"x":0,"y":0,"w":38,"h":78},
	"sourceSize": {"w":39,"h":79}
},
"general/icons/stone1":
{
	"frame": {"x":1114,"y":1046,"w":76,"h":76},
	"rotated": false,
	"trimmed": true,
	"spriteSourceSize": {"x":0,"y":0,"w":76,"h":76},
	"sourceSize": {"w":75,"h":75}
},
"general/icons/stone2":
{
	"frame": {"x":1196,"y":1044,"w":76,"h":76},
	"rotated": false,
	"trimmed": true,
	"spriteSourceSize": {"x":0,"y":0,"w":76,"h":76},
	"sourceSize": {"w":75,"h":75}
},
"general/icons/suitup":
{
	"frame": {"x":1292,"y":1610,"w":56,"h":56},
	"rotated": false,
	"trimmed": true,
	"spriteSourceSize": {"x":2,"y":2,"w":56,"h":56},
	"sourceSize": {"w":60,"h":60}
},
"general/icons/superfortune":
{
	"frame": {"x":814,"y":774,"w":120,"h":124},
	"rotated": false,
	"trimmed": false,
	"spriteSourceSize": {"x":0,"y":0,"w":120,"h":124},
	"sourceSize": {"w":120,"h":124}
},
"general/icons/syringe":
{
	"frame": {"x":1032,"y":1456,"w":70,"h":70},
	"rotated": false,
	"trimmed": false,
	"spriteSourceSize": {"x":0,"y":0,"w":70,"h":70},
	"sourceSize": {"w":70,"h":70}
},
"general/icons/tardogeis":
{
	"frame": {"x":1160,"y":1528,"w":36,"h":54},
	"rotated": false,
	"trimmed": true,
	"spriteSourceSize": {"x":12,"y":2,"w":36,"h":54},
	"sourceSize": {"w":60,"h":60}
},
"general/icons/titanbox":
{
	"frame": {"x":544,"y":1468,"w":82,"h":136},
	"rotated": false,
	"trimmed": true,
	"spriteSourceSize": {"x":0,"y":0,"w":82,"h":136},
	"sourceSize": {"w":81,"h":135}
},
"general/icons/tracks":
{
	"frame": {"x":1354,"y":1610,"w":60,"h":56},
	"rotated": false,
	"trimmed": true,
	"spriteSourceSize": {"x":0,"y":2,"w":60,"h":56},
	"sourceSize": {"w":60,"h":60}
},
"general/icons/upsidedoge":
{
	"frame": {"x":1614,"y":1586,"w":60,"h":60},
	"rotated": false,
	"trimmed": false,
	"spriteSourceSize": {"x":0,"y":0,"w":60,"h":60},
	"sourceSize": {"w":60,"h":60}
},
"general/icons/wizardhat":
{
	"frame": {"x":1144,"y":1128,"w":76,"h":76},
	"rotated": false,
	"trimmed": true,
	"spriteSourceSize": {"x":0,"y":0,"w":76,"h":76},
	"sourceSize": {"w":75,"h":75}
},
"general/icons/woof":
{
	"frame": {"x":1714,"y":1652,"w":56,"h":50},
	"rotated": false,
	"trimmed": true,
	"spriteSourceSize": {"x":0,"y":4,"w":56,"h":50},
	"sourceSize": {"w":60,"h":60}
},
"general/icons/worncoin":
{
	"frame": {"x":798,"y":1534,"w":70,"h":70},
	"rotated": false,
	"trimmed": false,
	"spriteSourceSize": {"x":0,"y":0,"w":70,"h":70},
	"sourceSize": {"w":70,"h":70}
},
"general/icons/xmascoin":
{
	"frame": {"x":800,"y":1610,"w":70,"h":70},
	"rotated": false,
	"trimmed": false,
	"spriteSourceSize": {"x":0,"y":0,"w":70,"h":70},
	"sourceSize": {"w":70,"h":70}
},
"general/icons/yellowgem":
{
	"frame": {"x":1304,"y":976,"w":48,"h":58},
	"rotated": false,
	"trimmed": true,
	"spriteSourceSize": {"x":0,"y":0,"w":48,"h":58},
	"sourceSize": {"w":47,"h":57}
},
"general/icons/zombie_brain":
{
	"frame": {"x":1790,"y":838,"w":30,"h":80},
	"rotated": false,
	"trimmed": false,
	"spriteSourceSize": {"x":0,"y":0,"w":30,"h":80},
	"sourceSize": {"w":30,"h":80}
},
"general/jupiter":
{
	"frame": {"x":1320,"y":592,"w":100,"h":100},
	"rotated": false,
	"trimmed": false,
	"spriteSourceSize": {"x":0,"y":0,"w":100,"h":100},
	"sourceSize": {"w":100,"h":100}
},
"general/jupiter_tab":
{
	"frame": {"x":1676,"y":756,"w":90,"h":76},
	"rotated": false,
	"trimmed": true,
	"spriteSourceSize": {"x":0,"y":0,"w":90,"h":76},
	"sourceSize": {"w":89,"h":75}
},
"general/logo":
{
	"frame": {"x":4,"y":4,"w":660,"h":152},
	"rotated": false,
	"trimmed": false,
	"spriteSourceSize": {"x":0,"y":0,"w":660,"h":152},
	"sourceSize": {"w":660,"h":152}
},
"general/mars":
{
	"frame": {"x":1426,"y":592,"w":100,"h":100},
	"rotated": false,
	"trimmed": false,
	"spriteSourceSize": {"x":0,"y":0,"w":100,"h":100},
	"sourceSize": {"w":100,"h":100}
},
"general/mars_tab":
{
	"frame": {"x":1692,"y":838,"w":90,"h":76},
	"rotated": false,
	"trimmed": true,
	"spriteSourceSize": {"x":0,"y":0,"w":90,"h":76},
	"sourceSize": {"w":89,"h":75}
},
"general/moon":
{
	"frame": {"x":1576,"y":528,"w":100,"h":100},
	"rotated": false,
	"trimmed": false,
	"spriteSourceSize": {"x":0,"y":0,"w":100,"h":100},
	"sourceSize": {"w":100,"h":100}
},
"general/moon_tab":
{
	"frame": {"x":1510,"y":972,"w":90,"h":76},
	"rotated": false,
	"trimmed": true,
	"spriteSourceSize": {"x":0,"y":0,"w":90,"h":76},
	"sourceSize": {"w":89,"h":75}
},
"general/mysterybox_big":
{
	"frame": {"x":410,"y":162,"w":250,"h":242},
	"rotated": false,
	"trimmed": true,
	"spriteSourceSize": {"x":0,"y":0,"w":250,"h":242},
	"sourceSize": {"w":250,"h":241}
},
"general/mysterybox_big_open":
{
	"frame": {"x":4,"y":568,"w":250,"h":332},
	"rotated": false,
	"trimmed": true,
	"spriteSourceSize": {"x":0,"y":0,"w":250,"h":332},
	"sourceSize": {"w":250,"h":331}
},
"general/newsdoge":
{
	"frame": {"x":1358,"y":880,"w":86,"h":96},
	"rotated": false,
	"trimmed": true,
	"spriteSourceSize": {"x":0,"y":0,"w":86,"h":96},
	"sourceSize": {"w":85,"h":95}
},
"general/notification_info":
{
	"frame": {"x":670,"y":4,"w":412,"h":182},
	"rotated": false,
	"trimmed": true,
	"spriteSourceSize": {"x":0,"y":0,"w":412,"h":182},
	"sourceSize": {"w":411,"h":181}
},
"general/particle":
{
	"frame": {"x":1314,"y":1738,"w":44,"h":44},
	"rotated": false,
	"trimmed": false,
	"spriteSourceSize": {"x":0,"y":0,"w":44,"h":44},
	"sourceSize": {"w":44,"h":44}
},
"general/persec_icon":
{
	"frame": {"x":1682,"y":544,"w":100,"h":100},
	"rotated": false,
	"trimmed": false,
	"spriteSourceSize": {"x":0,"y":0,"w":100,"h":100},
	"sourceSize": {"w":100,"h":100}
},
"general/persec_icon_bonus":
{
	"frame": {"x":1576,"y":634,"w":100,"h":100},
	"rotated": false,
	"trimmed": false,
	"spriteSourceSize": {"x":0,"y":0,"w":100,"h":100},
	"sourceSize": {"w":100,"h":100}
},
"general/radialgradient":
{
	"frame": {"x":4,"y":1162,"w":228,"h":226},
	"rotated": false,
	"trimmed": true,
	"spriteSourceSize": {"x":0,"y":0,"w":228,"h":226},
	"sourceSize": {"w":227,"h":226}
},
"general/rm/portal":
{
	"frame": {"x":1512,"y":384,"w":52,"h":154},
	"rotated": false,
	"trimmed": false,
	"spriteSourceSize": {"x":0,"y":0,"w":52,"h":154},
	"sourceSize": {"w":52,"h":154}
},
"general/rm/r1":
{
	"frame": {"x":1790,"y":924,"w":30,"h":54},
	"rotated": false,
	"trimmed": true,
	"spriteSourceSize": {"x":30,"y":24,"w":30,"h":54},
	"sourceSize": {"w":68,"h":101}
},
"general/rm/r2":
{
	"frame": {"x":1270,"y":778,"w":46,"h":98},
	"rotated": false,
	"trimmed": true,
	"spriteSourceSize": {"x":22,"y":2,"w":46,"h":98},
	"sourceSize": {"w":68,"h":101}
},
"general/rm/r3":
{
	"frame": {"x":1450,"y":880,"w":54,"h":100},
	"rotated": false,
	"trimmed": true,
	"spriteSourceSize": {"x":14,"y":2,"w":54,"h":100},
	"sourceSize": {"w":68,"h":101}
},
"general/rm/r4":
{
	"frame": {"x":1728,"y":210,"w":68,"h":100},
	"rotated": false,
	"trimmed": true,
	"spriteSourceSize": {"x":0,"y":2,"w":68,"h":100},
	"sourceSize": {"w":68,"h":101}
},
"general/rocks/earth":
{
	"frame": {"x":1320,"y":384,"w":186,"h":114},
	"rotated": false,
	"trimmed": true,
	"spriteSourceSize": {"x":0,"y":0,"w":186,"h":114},
	"sourceSize": {"w":185,"h":115}
},
"general/rocks/earth_dmg_large1":
{
	"frame": {"x":238,"y":1392,"w":186,"h":16},
	"rotated": false,
	"trimmed": true,
	"spriteSourceSize": {"x":0,"y":98,"w":186,"h":16},
	"sourceSize": {"w":185,"h":115}
},
"general/rocks/earth_dmg_medium1":
{
	"frame": {"x":1320,"y":504,"w":186,"h":82},
	"rotated": false,
	"trimmed": true,
	"spriteSourceSize": {"x":0,"y":32,"w":186,"h":82},
	"sourceSize": {"w":185,"h":115}
},
"general/rocks/earth_dmg_medium2":
{
	"frame": {"x":430,"y":1394,"w":186,"h":68},
	"rotated": false,
	"trimmed": true,
	"spriteSourceSize": {"x":0,"y":46,"w":186,"h":68},
	"sourceSize": {"w":185,"h":115}
},
"general/rocks/earth_dmg_small1":
{
	"frame": {"x":390,"y":1624,"w":186,"h":104},
	"rotated": false,
	"trimmed": true,
	"spriteSourceSize": {"x":0,"y":10,"w":186,"h":104},
	"sourceSize": {"w":185,"h":115}
},
"general/rocks/earth_dmg_small2":
{
	"frame": {"x":666,"y":408,"w":186,"h":100},
	"rotated": false,
	"trimmed": true,
	"spriteSourceSize": {"x":0,"y":14,"w":186,"h":100},
	"sourceSize": {"w":185,"h":115}
},
"general/rocks/earth_particle":
{
	"frame": {"x":1048,"y":756,"w":14,"h":16},
	"rotated": false,
	"trimmed": true,
	"spriteSourceSize": {"x":0,"y":0,"w":14,"h":16},
	"sourceSize": {"w":14,"h":15}
},
"general/rocks/jupiter":
{
	"frame": {"x":644,"y":1044,"w":166,"h":120},
	"rotated": false,
	"trimmed": false,
	"spriteSourceSize": {"x":0,"y":0,"w":166,"h":120},
	"sourceSize": {"w":166,"h":120}
},
"general/rocks/jupiter_dmg_large1":
{
	"frame": {"x":934,"y":644,"w":4,"h":4},
	"rotated": false,
	"trimmed": true,
	"spriteSourceSize": {"x":0,"y":0,"w":4,"h":4},
	"sourceSize": {"w":15,"h":11}
},
"general/rocks/jupiter_dmg_medium1":
{
	"frame": {"x":1078,"y":542,"w":164,"h":78},
	"rotated": false,
	"trimmed": true,
	"spriteSourceSize": {"x":2,"y":36,"w":164,"h":78},
	"sourceSize": {"w":166,"h":120}
},
"general/rocks/jupiter_dmg_medium2":
{
	"frame": {"x":1084,"y":708,"w":134,"h":64},
	"rotated": false,
	"trimmed": true,
	"spriteSourceSize": {"x":16,"y":50,"w":134,"h":64},
	"sourceSize": {"w":166,"h":120}
},
"general/rocks/jupiter_dmg_small1":
{
	"frame": {"x":642,"y":794,"w":166,"h":108},
	"rotated": false,
	"trimmed": true,
	"spriteSourceSize": {"x":0,"y":10,"w":166,"h":108},
	"sourceSize": {"w":166,"h":120}
},
"general/rocks/jupiter_dmg_small2":
{
	"frame": {"x":660,"y":1298,"w":166,"h":92},
	"rotated": false,
	"trimmed": true,
	"spriteSourceSize": {"x":0,"y":20,"w":166,"h":92},
	"sourceSize": {"w":166,"h":120}
},
"general/rocks/mars":
{
	"frame": {"x":1088,"y":218,"w":226,"h":160},
	"rotated": false,
	"trimmed": true,
	"spriteSourceSize": {"x":0,"y":0,"w":226,"h":160},
	"sourceSize": {"w":225,"h":160}
},
"general/rocks/mars_dmg_large1":
{
	"frame": {"x":444,"y":1236,"w":210,"h":152},
	"rotated": false,
	"trimmed": true,
	"spriteSourceSize": {"x":2,"y":8,"w":210,"h":152},
	"sourceSize": {"w":225,"h":160}
},
"general/rocks/mars_dmg_medium1":
{
	"frame": {"x":410,"y":410,"w":226,"h":152},
	"rotated": false,
	"trimmed": true,
	"spriteSourceSize": {"x":0,"y":8,"w":226,"h":152},
	"sourceSize": {"w":225,"h":160}
},
"general/rocks/mars_dmg_medium2":
{
	"frame": {"x":1088,"y":384,"w":226,"h":152},
	"rotated": false,
	"trimmed": true,
	"spriteSourceSize": {"x":0,"y":8,"w":226,"h":152},
	"sourceSize": {"w":225,"h":160}
},
"general/rocks/mars_dmg_small1":
{
	"frame": {"x":1320,"y":218,"w":226,"h":160},
	"rotated": false,
	"trimmed": true,
	"spriteSourceSize": {"x":0,"y":0,"w":226,"h":160},
	"sourceSize": {"w":225,"h":160}
},
"general/rocks/mars_dmg_small2":
{
	"frame": {"x":4,"y":1624,"w":226,"h":158},
	"rotated": false,
	"trimmed": true,
	"spriteSourceSize": {"x":0,"y":2,"w":226,"h":158},
	"sourceSize": {"w":225,"h":160}
},
"general/rocks/moon":
{
	"frame": {"x":642,"y":514,"w":160,"h":134},
	"rotated": false,
	"trimmed": true,
	"spriteSourceSize": {"x":2,"y":0,"w":160,"h":134},
	"sourceSize": {"w":165,"h":135}
},
"general/rocks/moon_dmg_large1":
{
	"frame": {"x":1084,"y":626,"w":150,"h":76},
	"rotated": false,
	"trimmed": true,
	"spriteSourceSize": {"x":2,"y":58,"w":150,"h":76},
	"sourceSize": {"w":165,"h":135}
},
"general/rocks/moon_dmg_medium1":
{
	"frame": {"x":632,"y":1516,"w":160,"h":98},
	"rotated": false,
	"trimmed": true,
	"spriteSourceSize": {"x":2,"y":36,"w":160,"h":98},
	"sourceSize": {"w":165,"h":135}
},
"general/rocks/moon_dmg_medium2":
{
	"frame": {"x":582,"y":1620,"w":160,"h":98},
	"rotated": false,
	"trimmed": true,
	"spriteSourceSize": {"x":2,"y":36,"w":160,"h":98},
	"sourceSize": {"w":165,"h":135}
},
"general/rocks/moon_dmg_small1":
{
	"frame": {"x":642,"y":654,"w":160,"h":134},
	"rotated": false,
	"trimmed": true,
	"spriteSourceSize": {"x":2,"y":0,"w":160,"h":134},
	"sourceSize": {"w":165,"h":135}
},
"general/rocks/moon_dmg_small2":
{
	"frame": {"x":644,"y":908,"w":160,"h":130},
	"rotated": false,
	"trimmed": true,
	"spriteSourceSize": {"x":2,"y":4,"w":160,"h":130},
	"sourceSize": {"w":165,"h":135}
},
"general/rocks/titan":
{
	"frame": {"x":238,"y":1186,"w":200,"h":200},
	"rotated": false,
	"trimmed": true,
	"spriteSourceSize": {"x":0,"y":0,"w":200,"h":200},
	"sourceSize": {"w":200,"h":199}
},
"general/rocks/titan_dmg_large1":
{
	"frame": {"x":632,"y":1396,"w":176,"h":114},
	"rotated": false,
	"trimmed": true,
	"spriteSourceSize": {"x":0,"y":74,"w":176,"h":114},
	"sourceSize": {"w":201,"h":200}
},
"general/rocks/titan_dmg_medium1":
{
	"frame": {"x":1500,"y":4,"w":202,"h":200},
	"rotated": false,
	"trimmed": true,
	"spriteSourceSize": {"x":0,"y":0,"w":202,"h":200},
	"sourceSize": {"w":201,"h":200}
},
"general/rocks/titan_dmg_medium2":
{
	"frame": {"x":260,"y":568,"w":202,"h":200},
	"rotated": false,
	"trimmed": true,
	"spriteSourceSize": {"x":0,"y":0,"w":202,"h":200},
	"sourceSize": {"w":201,"h":200}
},
"general/rocks/titan_dmg_small1":
{
	"frame": {"x":260,"y":774,"w":202,"h":200},
	"rotated": false,
	"trimmed": true,
	"spriteSourceSize": {"x":0,"y":0,"w":202,"h":200},
	"sourceSize": {"w":201,"h":200}
},
"general/rocks/titan_dmg_small2":
{
	"frame": {"x":260,"y":980,"w":202,"h":200},
	"rotated": false,
	"trimmed": true,
	"spriteSourceSize": {"x":0,"y":0,"w":202,"h":200},
	"sourceSize": {"w":201,"h":200}
},
"general/searchdog_1":
{
	"frame": {"x":1132,"y":976,"w":80,"h":62},
	"rotated": false,
	"trimmed": true,
	"spriteSourceSize": {"x":0,"y":0,"w":80,"h":62},
	"sourceSize": {"w":80,"h":61}
},
"general/searchdog_2":
{
	"frame": {"x":1218,"y":976,"w":80,"h":62},
	"rotated": false,
	"trimmed": true,
	"spriteSourceSize": {"x":0,"y":0,"w":80,"h":62},
	"sourceSize": {"w":80,"h":61}
},
"general/shadow":
{
	"frame": {"x":1566,"y":740,"w":100,"h":36},
	"rotated": false,
	"trimmed": true,
	"spriteSourceSize": {"x":0,"y":0,"w":100,"h":36},
	"sourceSize": {"w":100,"h":35}
},
"general/specialbonuscoin":
{
	"frame": {"x":1294,"y":4,"w":200,"h":208},
	"rotated": false,
	"trimmed": true,
	"spriteSourceSize": {"x":0,"y":2,"w":200,"h":208},
	"sourceSize": {"w":200,"h":210}
},
"general/titan":
{
	"frame": {"x":1682,"y":650,"w":100,"h":100},
	"rotated": false,
	"trimmed": false,
	"spriteSourceSize": {"x":0,"y":0,"w":100,"h":100},
	"sourceSize": {"w":100,"h":100}
},
"general/titan_tab":
{
	"frame": {"x":1036,"y":964,"w":90,"h":76},
	"rotated": false,
	"trimmed": true,
	"spriteSourceSize": {"x":0,"y":0,"w":90,"h":76},
	"sourceSize": {"w":89,"h":75}
},
"general/xmasdogecoin_70x70":
{
	"frame": {"x":800,"y":1610,"w":70,"h":70},
	"rotated": false,
	"trimmed": false,
	"spriteSourceSize": {"x":0,"y":0,"w":70,"h":70},
	"sourceSize": {"w":70,"h":70}
}},
"meta": {
	"app": "https://www.codeandweb.com/texturepacker",
	"version": "1.0",
	"image": "generalkenobi.png",
	"format": "RGBA5555",
	"size": {"w":1824,"h":1786},
	"scale": "1",
	"smartupdate": "$TexturePacker:SmartUpdate:fc64e9c4bb8422a92f2f4b49333b002b:1488346481c2629f80515cc7dc60dd9e:d6fa4aa3bb43f9ecbb3e6c0c28471cfe$"
}
}
